{"cameraMode":{"drawMode":0,"name":"Shaded","section":"Shading Mode"},"sceneLighting":false,"audioPlay":false,"sceneViewState":{"m_AlwaysRefresh":false,"showFog":true,"showSkybox":false,"showFlares":true,"showImageEffects":true,"showParticleSystems":true,"showVisualEffectGraphs":true,"m_FxEnabled":true},"in2DMode":false,"pivot":{"x":7.9309587478637699,"y":1.000000238418579,"z":-6.057068347930908},"rotation":{"x":0.17931169271469117,"y":0.24645182490348817,"z":-0.046487461775541309,"w":0.9513172507286072},"size":2.264950752258301,"orthographic":false}