{"cameraMode":{"drawMode":0,"name":"Shaded","section":"Shading Mode"},"sceneLighting":false,"audioPlay":false,"sceneViewState":{"m_AlwaysRefresh":false,"showFog":true,"showSkybox":false,"showFlares":true,"showImageEffects":true,"showParticleSystems":true,"showVisualEffectGraphs":true,"m_FxEnabled":true},"in2DMode":false,"pivot":{"x":18.935222625732423,"y":1.5900001525878907,"z":-0.9065253734588623},"rotation":{"x":0.17931169271469117,"y":0.24645182490348817,"z":-0.046487461775541309,"w":0.9513172507286072},"size":1.5000001192092896,"orthographic":false}