{"cameraMode":{"drawMode":0,"name":"Shaded","section":"Shading Mode"},"sceneLighting":false,"audioPlay":false,"sceneViewState":{"m_AlwaysRefresh":false,"showFog":true,"showSkybox":false,"showFlares":true,"showImageEffects":true,"showParticleSystems":true,"showVisualEffectGraphs":true,"m_FxEnabled":true},"in2DMode":false,"pivot":{"x":-1.5812230110168458,"y":1.3960000276565552,"z":-1.0489695072174073},"rotation":{"x":0.17931169271469117,"y":0.24645182490348817,"z":-0.046487461775541309,"w":0.9513172507286072},"size":1.7320513725280762,"orthographic":false}